SER,Distance,Speed,TIME
1,0.236,23.49369369369369,0
1,0.236,22.797302114949172,1
1,0.236,21.850778050778047,2
1,0.236,23.281081081081073,3
1,0.236,22.486683046683044,4
1,0.236,22.614250614250615,5
1,0.236,22.1092442539251,6
1,0.236,24.37937174711368,7
1,0.236,23.377445380603273,8
1,0.236,19.727875238409748,9
1,0.236,18.963754099739294,10
1,0.236,20.858695523376372,11
1,0.236,20.03550332941637,12
1,0.236,20.411846261846257,13
1,0.236,21.67295659295659,14
1,0.236,20.146226319478597,15
1,0.236,19.384898767689464,16
1,0.236,19.953886977886974,17
1,0.236,20.461903826460453,18
1,0.236,19.24874933462449,19
1,0.236,18.681051725732576,20
1,0.236,20.963400146558037,21
1,0.236,20.70487722803512,22
1,0.236,22.781441441441434,23
2,0.295,47.92292490118577,0
2,0.295,47.41808191808192,1
2,0.295,47.03496503496504,2
2,0.295,48.27272727272727,3
2,0.295,46.78741258741259,4
2,0.295,47.24715284715285,5
2,0.295,47.60227272727273,6
2,0.295,48.27272727272727,7
2,0.295,46.33536029188203,8
2,0.295,44.02899665551839,9
2,0.295,39.92795377036756,10
2,0.295,43.568903318903324,11
2,0.295,43.06954156954157,12
2,0.295,41.513084741345615,13
2,0.295,44.05516705516706,14
2,0.295,42.34915084915085,15
2,0.295,38.79520824003583,16
2,0.295,41.18154748477329,17
2,0.295,43.15095249578008,18
2,0.295,41.23882324571979,19
2,0.295,42.13117055358435,20
2,0.295,41.39984299225679,21
2,0.295,42.34867587435054,22
2,0.295,46.33536029188203,23
3,0.291,48.751948051948055,0
3,0.291,47.33474025974025,1
3,0.291,48.374025974025976,2
3,0.291,48.374025974025976,3
3,0.291,46.484415584415586,4
3,0.291,46.76155844155844,5
3,0.291,48.46850649350649,6
3,0.291,48.374025974025976,7
3,0.291,46.775124875124874,8
3,0.291,44.24974590626764,9
3,0.291,42.54909655561829,10
3,0.291,40.660765567765566,11
3,0.291,44.51486013986014,12
3,0.291,43.64244155844156,13
3,0.291,42.92103030303031,14
3,0.291,43.22685647685648,15
3,0.291,39.87914852963129,16
3,0.291,40.97935064935065,17
3,0.291,43.99134897360704,18
3,0.291,39.25391286133221,19
3,0.291,41.6131292041292,20
3,0.291,45.63409090909091,21
3,0.291,43.028766885288626,22
3,0.291,45.63409090909091,23
4,0.266,40.0468844454778,0
4,0.266,45.323636363636375,1
4,0.266,43.52727272727273,2
4,0.266,44.67272727272728,3
4,0.266,42.18797202797203,4
4,0.266,43.52727272727273,5
4,0.266,44.218181818181826,6
4,0.266,44.218181818181826,7
4,0.266,41.780358771663124,8
4,0.266,40.44274747474748,9
4,0.266,40.44274747474748,10
4,0.266,38.380885780885784,11
4,0.266,39.41229946524064,12
4,0.266,36.87337834579213,13
4,0.266,40.85664335664335,14
4,0.266,37.27696226187606,15
4,0.266,35.98823529411765,16
4,0.266,34.11070341423282,17
4,0.266,35.280131633072806,18
4,0.266,25.907772737900398,19
4,0.266,34.872151378033735,20
4,0.266,35.966704263478455,21
4,0.266,36.89156637998017,22
4,0.266,39.7501374277896,23
5,0.157,6.399225106547849,0
5,0.157,6.682916347576433,1
5,0.157,6.548134831460675,2
5,0.157,6.3505617977528095,3
5,0.157,6.350561797752809,4
5,0.157,6.379759783029833,5
5,0.157,6.521702547428499,6
5,0.157,6.338801498127341,7
5,0.157,6.124379837488657,8
5,0.157,5.997643446934735,9
5,0.157,5.993598532575631,10
5,0.157,5.953886750205701,11
5,0.157,5.94233321520641,12
5,0.157,6.09340475093141,13
5,0.157,6.080211473620486,14
5,0.157,6.01340864006011,15
5,0.157,5.973091934448198,16
5,0.157,6.177925166357587,17
5,0.157,5.9586071205727515,18
5,0.157,5.6538093637454985,19
5,0.157,5.788593776490561,20
5,0.157,6.187936932794663,21
5,0.157,6.270806193604829,22
5,0.157,6.271793387105364,23
7,0.061,31.37142857142857,0
7,0.061,39.73714285714285,1
7,0.061,29.382987012987012,2
7,0.061,33.46285714285714,3
7,0.061,29.08987012987013,4
7,0.061,31.371428571428574,5
7,0.061,31.284285714285712,6
7,0.061,31.37142857142857,7
7,0.061,27.00108225108225,8
7,0.061,25.11298701298701,9
7,0.061,23.401818181818182,10
7,0.061,27.247072927072924,11
7,0.061,27.481688311688313,12
7,0.061,19.74181818181818,13
7,0.061,25.287272727272725,14
7,0.061,26.317142857142855,15
7,0.061,28.424415584415584,16
7,0.061,26.703740259740254,17
7,0.061,23.211688311688306,18
7,0.061,21.4822987012987,19
7,0.061,22.089800199800198,20
7,0.061,21.864935064935064,21
7,0.061,24.51751082251082,22
7,0.061,28.81655844155844,23
8,0.154,28.69263157894737,0
8,0.154,36.23697612732096,1
8,0.154,30.207692307692312,2
8,0.154,27.720000000000002,3
8,0.154,27.720000000000006,4
8,0.154,27.720000000000006,5
8,0.154,25.9875,6
8,0.154,29.987692307692313,7
8,0.154,23.838290598290598,8
8,0.154,21.686120689655173,9
8,0.154,27.041399204244033,10
8,0.154,22.27146005617101,11
8,0.154,25.693899204244033,12
8,0.154,23.06232832301798,13
8,0.154,23.06232832301798,14
8,0.154,20.444827586206895,15
8,0.154,25.90631299734748,16
8,0.154,22.07244827586207,17
8,0.154,27.520531674208147,18
8,0.154,18.758793103448276,19
8,0.154,23.11991379310345,20
8,0.154,25.1805658709107,21
8,0.154,21.223621426466256,22
8,0.154,24.823210945134722,23
9,0.192,21.62111436950147,0
9,0.192,35.78181818181818,1
9,0.192,24.654545454545456,2
9,0.192,20.94545454545455,3
9,0.192,19.181626794258374,4
9,0.192,19.181626794258374,5
9,0.192,19.475598086124407,6
9,0.192,19.753545687049527,7
9,0.192,16.75725677830941,8
9,0.192,13.154066985645933,9
9,0.192,18.223923444976077,10
9,0.192,15.901298701298701,11
9,0.192,20.0069029275809,12
9,0.192,20.042870813397133,13
9,0.192,18.56367389060887,14
9,0.192,15.066028708133972,15
9,0.192,22.34719000892061,16
9,0.192,15.653971291866032,17
9,0.192,21.493779904306223,18
9,0.192,13.72571891979564,19
9,0.192,20.148538260703923,20
9,0.192,16.83006060606061,21
9,0.192,15.050405734440778,22
9,0.192,18.898721989248305,23
10,0.134,19.295999999999996,0
10,0.134,27.872,1
10,0.134,18.662545454545455,2
10,0.134,19.295999999999996,3
10,0.134,19.296,4
10,0.134,19.296,5
10,0.134,21.439999999999998,6
10,0.134,20.65184236453202,7
10,0.134,11.791916598591824,8
10,0.134,15.129818181818186,9
10,0.134,14.263094777562864,10
10,0.134,17.040549323017405,11
10,0.134,15.651822050290136,12
10,0.134,15.013183752417797,13
10,0.134,14.647134971929992,14
10,0.134,16.53561390762844,15
10,0.134,20.823613907628438,16
10,0.134,12.790552549889137,17
10,0.134,16.40191102514507,18
10,0.134,18.395893230174078,19
10,0.134,16.5747163029525,20
10,0.134,15.82439553429027,21
10,0.134,14.204656862745098,22
10,0.134,16.19132828282828,23
11,0.255,30.951724137931038,0
11,0.255,35.823188405797104,1
11,0.255,31.688537549407116,2
11,0.255,32.15217391304348,3
11,0.255,30.6,4
11,0.255,30.6,5
11,0.255,30.599999999999998,6
11,0.255,29.508211143695018,7
11,0.255,25.060626884678687,8
11,0.255,24.800217108119842,9
11,0.255,31.688537549407116,10
11,0.255,25.959522465112528,11
11,0.255,24.782115954614966,12
11,0.255,24.472399572477215,13
11,0.255,24.504942041571486,14
11,0.255,21.10808727746418,15
11,0.255,26.333537549407115,16
11,0.255,25.222575139146567,17
11,0.255,23.481541131629026,18
11,0.255,25.93272727272727,19
11,0.255,25.253988868274586,20
11,0.255,27.055533596837947,21
11,0.255,26.779784240150093,22
11,0.255,28.50397727272727,23
12,0.091,25.963636363636358,0
12,0.091,27.49090909090909,1
12,0.091,27.490909090909085,2
12,0.091,25.2,3
12,0.091,24.716363636363635,4
12,0.091,23.8,5
12,0.091,25.963636363636358,6
12,0.091,24.900000000000002,7
12,0.091,21.09093137254902,8
12,0.091,21.296969696969697,9
12,0.091,23.227272727272723,10
12,0.091,22.07938831034806,11
12,0.091,24.52620320855615,12
12,0.091,20.890196078431373,13
12,0.091,21.653832442067735,14
12,0.091,22.4174688057041,15
12,0.091,19.651355661881976,16
12,0.091,25.441148325358853,17
12,0.091,22.16030303030303,18
12,0.091,19.788363636363638,19
12,0.091,21.294290271132372,20
12,0.091,23.405704099821747,21
12,0.091,21.874469696969694,22
12,0.091,26.727272727272723,23
13,0.185,16.58231707317073,0
13,0.185,17.020474967907575,1
13,0.185,16.525320924261877,2
13,0.185,16.660686777920414,3
13,0.185,15.115768522779566,4
13,0.185,16.32512195121951,5
13,0.185,16.31158536585366,6
13,0.185,15.878375113258834,7
13,0.185,13.990016267376516,8
13,0.185,14.309780799112099,9
13,0.185,15.871052631578948,10
13,0.185,14.79434726147735,11
13,0.185,14.7555631943914,12
13,0.185,14.531861063464838,13
13,0.185,13.277808873240849,14
13,0.185,13.991792929292933,15
13,0.185,14.314357013222713,16
13,0.185,13.906415094339621,17
13,0.185,14.946052631578945,18
13,0.185,12.611174365647365,19
13,0.185,14.575207961972668,20
13,0.185,15.185695935709111,21
13,0.185,14.27945575084798,22
13,0.185,14.824927446800382,23
14,0.136,23.21379310344828,0
14,0.136,20.765793103448278,1
14,0.136,20.68137931034483,2
14,0.136,24.48,3
14,0.136,21.441103448275864,4
14,0.136,23.350153846153848,5
14,0.136,19.415172413793105,6
14,0.136,20.49379310344828,7
14,0.136,17.33368700265252,8
14,0.136,18.659882269537444,9
14,0.136,15.636650246305416,10
14,0.136,17.92230769230769,11
14,0.136,15.791379310344828,12
14,0.136,17.47137931034483,13
14,0.136,18.130443349753694,14
14,0.136,15.647461057116232,15
14,0.136,15.452866462521635,16
14,0.136,22.960551724137932,17
14,0.136,16.819092408057926,18
14,0.136,14.556845652018065,19
14,0.136,14.919198508853682,20
14,0.136,18.793793103448277,21
14,0.136,17.621379310344828,22
14,0.136,20.760677115987463,23
15,0.132,29.7,0
15,0.132,27.758823529411767,1
15,0.132,26.400000000000006,2
15,0.132,29.7,3
15,0.132,25.740000000000002,4
15,0.132,29.7,5
15,0.132,29.150000000000002,6
15,0.132,28.918421052631583,7
15,0.132,27.428823529411762,8
15,0.132,22.699034482758623,9
15,0.132,20.932153846153845,10
15,0.132,20.11949602122016,11
15,0.132,21.588177339901478,12
15,0.132,24.27857142857143,13
15,0.132,20.724725274725273,14
15,0.132,23.709605911330055,15
15,0.132,17.741720348616905,16
15,0.132,22.39448275862069,17
15,0.132,23.099999999999998,18
15,0.132,19.848768472906407,19
15,0.132,19.90191360363774,20
15,0.132,26.14615384615385,21
15,0.132,19.374512743628184,22
15,0.132,27.830000000000002,23
16,0.056,33.6,0
16,0.056,30.56,1
16,0.056,31.36,2
16,0.056,32.8,3
16,0.056,30.912,4
16,0.056,33.984,5
16,0.056,33.6,6
16,0.056,32.199999999999996,7
16,0.056,25.653333333333332,8
16,0.056,23.053333333333338,9
16,0.056,22.77333333333333,10
16,0.056,23.77454545454545,11
16,0.056,20.974545454545453,12
16,0.056,23.52,13
16,0.056,24.08,14
16,0.056,25.919999999999998,15
16,0.056,15.384615384615385,16
16,0.056,27.072000000000003,17
16,0.056,27.78461538461539,18
16,0.056,24.49745454545455,19
16,0.056,22.094545454545454,20
16,0.056,25.38666666666667,21
16,0.056,25.666666666666668,22
16,0.056,25.16,23
17,0.055,20.274509803921568,0
17,0.055,22.09166666666667,1
17,0.055,20.274509803921568,2
17,0.055,22.458333333333332,3
17,0.055,22.0,4
17,0.055,22.0,5
17,0.055,21.633333333333336,6
17,0.055,20.966666666666665,7
17,0.055,16.905128205128204,8
17,0.055,15.527485994397757,9
17,0.055,15.937971342383108,10
17,0.055,15.514005602240895,11
17,0.055,13.37254901960784,12
17,0.055,14.895833333333334,13
17,0.055,11.860819327731093,14
17,0.055,11.91936274509804,15
17,0.055,12.101337903582484,16
17,0.055,13.458823529411765,17
17,0.055,15.036414565826332,18
17,0.055,14.319411764705881,19
17,0.055,16.31011904761905,20
17,0.055,16.66941391941392,21
17,0.055,16.607142857142858,22
17,0.055,20.416666666666668,23
18,0.08,22.153846153846157,0
18,0.08,19.166433566433568,1
18,0.08,22.153846153846157,2
18,0.08,21.66153846153846,3
18,0.08,22.153846153846153,4
18,0.08,21.56307692307692,5
18,0.08,20.151048951048953,6
18,0.08,21.461538461538463,7
18,0.08,20.505494505494507,8
18,0.08,16.189886480908154,9
18,0.08,17.726273726273728,10
18,0.08,18.461538461538463,11
18,0.08,13.0989010989011,12
18,0.08,13.258741258741258,13
18,0.08,15.104895104895105,14
18,0.08,16.724319159101768,15
18,0.08,12.681318681318684,16
18,0.08,15.910489510489512,17
18,0.08,15.748251748251747,18
18,0.08,14.561994527211919,19
18,0.08,17.726273726273728,20
18,0.08,16.797887695828198,21
18,0.08,18.529554655870445,22
18,0.08,21.461538461538463,23
19,0.097,16.82548872180451,0
19,0.097,17.627744360902255,1
19,0.097,17.919473684210526,2
19,0.097,17.766315789473683,3
19,0.097,16.14721804511278,4
19,0.097,17.82757894736842,5
19,0.097,14.827142857142858,6
19,0.097,17.780902255639095,7
19,0.097,12.879324287730823,8
19,0.097,14.704393039049236,9
19,0.097,14.548500181906379,10
19,0.097,9.953267374517376,11
19,0.097,12.597976021133917,12
19,0.097,12.687860191018087,13
19,0.097,11.412237481235785,14
19,0.097,15.398577524893312,15
19,0.097,12.597976021133917,16
19,0.097,11.549642755537494,17
19,0.097,11.353568126397073,18
19,0.097,10.234617511520737,19
19,0.097,12.306500298995545,20
19,0.097,15.46091013306633,21
19,0.097,14.697385550139911,22
19,0.097,14.106571428571428,23
20,0.087,19.11583333333333,0
20,0.087,17.670098039215684,1
20,0.087,18.245833333333334,2
20,0.087,19.38308823529412,3
20,0.087,17.979999999999997,4
20,0.087,17.979999999999997,5
20,0.087,18.245833333333334,6
20,0.087,19.020588235294117,7
20,0.087,16.71570175438596,8
20,0.087,15.258773291925465,9
20,0.087,13.48547802197802,10
20,0.087,12.469166666666665,11
20,0.087,12.6025,12
20,0.087,13.871666666666664,13
20,0.087,13.871666666666664,14
20,0.087,13.7067876344086,15
20,0.087,14.733870967741936,16
20,0.087,17.68064516129032,17
20,0.087,13.496249999999998,18
20,0.087,13.284230769230769,19
20,0.087,14.729025641025638,20
20,0.087,15.181060606060605,21
20,0.087,14.872287252221462,22
20,0.087,16.993560606060605,23
21,0.054,23.400000000000002,0
21,0.054,21.825000000000003,1
21,0.054,22.5,2
21,0.054,22.5,3
21,0.054,21.6,4
21,0.054,19.71,5
21,0.054,22.5,6
21,0.054,22.950000000000003,7
21,0.054,19.665,8
21,0.054,16.347570850202427,9
21,0.054,16.30454887218045,10
21,0.054,13.096671826625387,11
21,0.054,13.215789473684211,12
21,0.054,15.560526315789476,13
21,0.054,13.617027863777091,14
21,0.054,15.64202786377709,15
21,0.054,12.977554179566562,16
21,0.054,14.437058823529412,17
21,0.054,14.921052631578947,18
21,0.054,14.196315789473683,19
21,0.054,13.61702786377709,20
21,0.054,16.91357142857143,21
21,0.054,17.74204795204795,22
21,0.054,19.665,23
22,0.102,20.82552631578947,0
22,0.111,20.15526315789474,1
22,0.111,20.970000000000002,2
22,0.111,20.15526315789474,3
22,0.111,18.817548387096775,4
22,0.111,19.98,5
22,0.102,20.001290322580648,6
22,0.102,20.475,7
22,0.122,18.69927733556766,8
22,0.122,17.999132369299222,9
22,0.102,18.363450210378684,10
22,0.122,15.141755583126551,11
22,0.111,17.000080645161294,12
22,0.111,19.927500000000002,13
22,0.122,14.326674937965258,14
22,0.122,15.136451612903224,15
22,0.122,16.41167493796526,16
22,0.122,14.535558312655088,17
22,0.122,17.000080645161294,18
22,0.102,14.232580645161288,19
22,0.102,14.47522577996716,20
22,0.102,13.88794139194139,21
22,0.102,15.576352082699907,22
22,0.102,16.54323281907433,23
23,0.071,25.56,0
23,0.071,25.458571428571428,1
23,0.071,25.56,2
23,0.071,26.625,3
23,0.071,25.56,4
23,0.071,25.56,5
23,0.071,25.205,6
23,0.071,25.646060606060605,7
23,0.071,17.142805429864254,8
23,0.071,17.357484084542907,9
23,0.071,15.873571428571429,10
23,0.071,13.181032967032968,11
23,0.071,13.556108977978544,12
23,0.071,18.259347826086955,13
23,0.071,16.357662337662337,14
23,0.071,23.236363636363635,15
23,0.071,16.67142203334423,16
23,0.071,17.416207792207793,17
23,0.071,16.44987012987013,18
23,0.071,14.759180124223601,19
23,0.071,14.521164307828393,20
23,0.071,20.51978021978022,21
23,0.071,20.89168498168498,22
23,0.071,24.14,23
24,0.094,14.1,0
24,0.094,14.406521739130433,1
24,0.094,13.459090909090909,2
24,0.094,14.202173913043476,3
24,0.094,14.1,4
24,0.094,13.213714285714284,5
24,0.094,14.406521739130435,6
24,0.094,14.006,7
24,0.094,11.863606584985895,8
24,0.094,11.93577333400748,9
24,0.094,11.301329671917905,10
24,0.094,11.156272376272375,11
24,0.094,10.649862490450724,12
24,0.094,11.33529411764706,13
24,0.094,10.2576871657754,14
24,0.094,12.177272727272728,15
24,0.094,12.13301948051948,16
24,0.094,12.50149732620321,17
24,0.094,11.492110389610389,18
24,0.094,10.144890756302521,19
24,0.094,11.530600920214377,20
24,0.094,12.757142857142858,21
24,0.094,12.282301476301477,22
24,0.094,12.992659340659342,23
25,0.497,16.389808173477896,0
25,0.497,15.29122368844042,1
25,0.497,15.99843207638275,2
25,0.497,15.504757523026887,3
25,0.497,15.822269435055528,4
25,0.497,16.414678899082567,5
25,0.497,14.933655239014968,6
25,0.497,16.440010193679914,7
25,0.497,14.005373099673045,8
25,0.497,14.067904832296136,9
25,0.497,13.461789850296583,10
25,0.497,12.720612900096844,11
25,0.497,12.120874186140256,12
25,0.497,12.871675159919619,13
25,0.497,13.283361130632892,14
25,0.497,14.150524589980312,15
25,0.497,12.636821897300885,16
25,0.497,13.788800441470647,17
25,0.497,13.178680743553882,18
25,0.497,12.199992897888915,19
25,0.497,13.410272511318956,20
25,0.497,13.650648621553884,21
25,0.497,14.078034238488783,22
25,0.497,14.572677532282796,23
26,0.13,29.25,0
26,0.13,27.33823529411765,1
26,0.13,29.25,2
26,0.13,28.96323529411765,3
26,0.13,27.3,4
26,0.13,26.955882352941178,5
26,0.13,28.19349845201238,6
26,0.13,29.25,7
26,0.13,25.907094943240455,8
26,0.13,22.64448051948052,9
26,0.13,26.295454545454547,10
26,0.13,19.130017921146955,11
26,0.13,19.266414141414145,12
26,0.13,25.349999999999998,13
26,0.13,19.825,14
26,0.13,22.099999999999998,15
26,0.13,21.210317460317466,16
26,0.13,21.294,17
26,0.13,23.328063241106722,18
26,0.13,20.20909090909091,19
26,0.13,23.340909090909093,20
26,0.13,23.805194805194805,21
26,0.13,24.710163996948896,22
26,0.13,28.13480392156863,23
27,0.143,46.800000000000004,0
27,0.143,48.35999999999999,1
27,0.143,43.51578947368421,2
27,0.143,47.580000000000005,3
27,0.143,46.8,4
27,0.143,47.736000000000004,5
27,0.143,48.36000000000001,6
27,0.143,47.580000000000005,7
27,0.143,39.58578947368421,8
27,0.143,37.9145,9
27,0.143,39.14778947368421,10
27,0.143,30.79157894736842,11
27,0.143,27.639368421052627,12
27,0.143,27.91629944426283,13
27,0.143,26.381061349024733,14
27,0.143,30.65491228070175,15
27,0.143,28.187714285714282,16
27,0.143,24.493642105263156,17
27,0.143,28.079728015691398,18
27,0.143,26.775894736842105,19
27,0.143,33.04840336134454,20
27,0.143,38.09293233082707,21
27,0.143,37.88914285714285,22
27,0.143,41.84436090225564,23
28,0.135,60.75000000000001,0
28,0.135,55.12500000000001,1
28,0.135,59.62500000000001,2
28,0.135,60.75000000000001,3
28,0.135,59.40000000000001,4
28,0.135,60.750000000000014,5
28,0.135,59.62500000000001,6
28,0.135,60.75000000000001,7
28,0.135,57.37500000000001,8
28,0.135,53.1,9
28,0.135,53.1,10
28,0.135,49.15227272727274,11
28,0.135,52.58863636363637,12
28,0.135,52.97727272727273,13
28,0.135,52.97727272727273,14
28,0.135,51.46363636363637,15
28,0.135,49.50000000000001,16
28,0.135,52.65000000000001,17
28,0.135,45.60576923076923,18
28,0.135,48.70384615384616,19
28,0.135,52.35576923076923,20
28,0.135,52.077272727272735,21
28,0.135,51.525000000000006,22
28,0.135,55.12500000000001,23
29,0.099,44.550000000000004,0
29,0.099,46.67142857142858,1
29,0.099,42.07500000000001,2
29,0.099,45.610714285714295,3
29,0.099,44.550000000000004,4
29,0.099,44.550000000000004,5
29,0.099,43.13571428571429,6
29,0.099,44.550000000000004,7
29,0.099,41.415000000000006,8
29,0.099,39.225,9
29,0.099,30.397499999999997,10
29,0.099,30.082689075630256,11
29,0.099,24.11911764705883,12
29,0.099,36.744230769230775,13
29,0.099,33.279230769230765,14
29,0.099,34.269230769230774,15
29,0.099,31.531318681318684,16
29,0.099,33.660000000000004,17
29,0.099,33.66,18
29,0.099,29.83707692307693,19
29,0.099,31.537087912087923,20
29,0.099,36.794999999999995,21
29,0.099,41.25000000000001,22
29,0.099,39.6,23
30,0.113,31.29230769230769,0
30,0.113,29.901538461538465,1
30,0.113,31.29230769230769,2
30,0.113,31.29230769230769,3
30,0.113,31.29230769230769,4
30,0.113,31.81384615384615,5
30,0.113,32.16153846153846,6
30,0.113,31.726923076923075,7
30,0.113,27.32397705235941,8
30,0.113,22.89889338731444,9
30,0.113,21.25360031273075,10
30,0.113,18.35691699604743,11
30,0.113,21.69577422577423,12
30,0.113,24.891608391608397,13
30,0.113,25.9447787506611,14
30,0.113,22.020948525159056,15
30,0.113,24.34761133603239,16
30,0.113,19.58275324675325,17
30,0.113,21.69577422577423,18
30,0.113,22.357138230190863,19
30,0.113,23.275560053981106,20
30,0.113,26.882239819004525,21
30,0.113,28.026483516483513,22
30,0.113,29.094395604395604,23
31,0.141,31.724999999999998,0
31,0.141,29.225454545454543,1
31,0.141,30.282954545454544,2
31,0.141,32.07749999999999,3
31,0.141,29.994545454545452,4
31,0.141,32.147999999999996,5
31,0.141,29.898409090909087,6
31,0.141,32.07749999999999,7
31,0.141,28.782043343653253,8
31,0.141,29.22545454545454,9
31,0.141,26.7075974025974,10
31,0.141,27.26152597402597,11
31,0.141,23.072727272727267,12
31,0.141,27.078409090909087,13
31,0.141,25.789624505928852,14
31,0.141,25.622430830039523,15
31,0.141,24.981521739130432,16
31,0.141,22.68818181818181,17
31,0.141,26.937409090909085,18
31,0.141,19.664875124875124,19
31,0.141,25.63636363636363,20
31,0.141,27.516203007518794,21
31,0.141,26.113672248803823,22
31,0.141,27.962056712637207,23
32,0.143,16.519959677419354,0
32,0.143,16.883225806451613,1
32,0.143,15.488709677419353,2
32,0.143,16.698709677419355,3
32,0.143,15.57316129032258,4
32,0.143,16.613370967741936,5
32,0.143,16.790967741935486,6
32,0.143,16.606451612903225,7
32,0.143,14.8605674960068,8
32,0.143,12.70964669738863,9
32,0.143,12.96184911919469,10
32,0.143,12.802785500222589,11
32,0.143,11.198479802651866,12
32,0.143,13.77410655855453,13
32,0.143,13.43048005708521,14
32,0.143,11.422297481254184,15
32,0.143,12.399464326567964,16
32,0.143,12.427928620452985,17
32,0.143,13.229000131130341,18
32,0.143,11.442260869565217,19
32,0.143,13.181010447898723,20
32,0.143,14.56265082934013,21
32,0.143,15.30326680672269,22
32,0.143,15.40465053763441,23
33,0.162,15.587027027027029,0
33,0.162,17.30771943573668,1
33,0.162,16.363636363636363,2
33,0.144,16.619318181818183,3
33,0.162,15.552000000000003,4
33,0.162,16.899545454545457,5
33,0.162,16.25318181818182,6
33,0.162,16.69090909090909,7
33,0.144,15.017964263165501,8
33,0.144,14.760567597409702,9
33,0.162,14.095384615384615,10
33,0.144,12.93175453388726,11
33,0.144,12.854634146341462,12
33,0.144,13.823680709534367,13
33,0.144,14.098086303939963,14
33,0.144,13.01610054631758,15
33,0.144,14.26566596194503,16
33,0.144,13.395442510977395,17
33,0.162,13.77475687103594,18
33,0.162,13.322571428571427,19
33,0.162,13.400360551431602,20
33,0.162,13.85281596452328,21
33,0.162,14.267368421052632,22
33,0.162,15.49146117040854,23
34,0.15,31.458333333333332,0
34,0.15,39.375,1
34,0.15,35.625,2
34,0.15,33.75,3
34,0.15,31.0,4
34,0.15,33.75,5
34,0.15,33.75,6
34,0.15,35.0,7
34,0.15,29.03571428571429,8
34,0.15,30.32608695652174,9
34,0.15,27.558333333333334,10
34,0.15,27.25833333333333,11
34,0.15,24.099999999999998,12
34,0.15,26.00595238095238,13
34,0.15,26.125,14
34,0.15,23.924999999999997,15
34,0.15,31.308333333333334,16
34,0.15,24.6,17
34,0.15,20.82539100684262,18
34,0.15,21.022727272727273,19
34,0.15,20.018939393939394,20
34,0.15,23.85822510822511,21
34,0.15,23.882575757575754,22
34,0.15,29.708333333333332,23
35,0.093,13.391999999999998,0
35,0.093,13.542260869565217,1
35,0.093,13.154086956521738,2
35,0.093,13.391999999999998,3
35,0.093,13.392,4
35,0.093,13.392,5
35,0.093,12.959999999999999,6
35,0.093,13.306153846153846,7
35,0.093,12.74838095238095,8
35,0.093,12.16055172413793,9
35,0.093,12.350086956521737,10
35,0.093,12.290086956521739,11
35,0.093,11.12290909090909,12
35,0.093,12.233836956521737,13
35,0.093,12.290086956521739,14
35,0.093,10.92,15
35,0.093,12.290086956521739,16
35,0.093,12.069704347826086,17
35,0.093,10.964085561497326,18
35,0.093,10.668129729729731,19
35,0.093,10.489392686804452,20
35,0.093,11.983836956521737,21
35,0.093,11.359887931034484,22
35,0.093,12.010153846153846,23
36,0.093,33.48,0
36,0.093,35.5725,1
36,0.093,30.48485294117647,2
36,0.093,34.87499999999999,3
36,0.093,33.48,4
36,0.093,33.48,5
36,0.093,31.182352941176465,6
36,0.093,32.46545454545454,7
36,0.093,23.34238790621144,8
36,0.093,24.517352941176473,9
36,0.093,25.73,10
36,0.093,26.60985294117647,11
36,0.093,23.250000000000004,12
36,0.093,24.10705882352941,13
36,0.093,26.29985294117647,14
36,0.093,27.202499999999997,15
36,0.093,31.87985294117647,16
36,0.093,28.21182352941176,17
36,0.093,19.944852941176467,18
36,0.093,23.077244582043342,19
36,0.093,19.716911764705884,20
36,0.093,28.5975,21
36,0.093,22.460521978021983,22
36,0.093,29.080794499618026,23
37,0.241,20.365931832395244,0
37,0.241,35.97365853658537,1
37,0.241,23.345650406504067,2
37,0.241,24.864146341463414,3
37,0.241,21.160975609756097,4
37,0.241,21.160975609756097,5
37,0.241,21.160975609756097,6
37,0.241,20.052250627988006,7
37,0.241,13.30174900318979,8
37,0.241,14.909038283420808,9
37,0.241,18.51773248691391,10
37,0.241,14.703573281397803,11
37,0.241,16.801976238063514,12
37,0.241,20.175445366674285,13
37,0.241,17.966687194693126,14
37,0.241,15.03196903886847,15
37,0.241,20.309433506036775,16
37,0.241,15.48084594010497,17
37,0.241,17.431700885046826,18
37,0.241,15.35400383484181,19
37,0.241,15.174310710498409,20
37,0.241,15.731471436713406,21
37,0.241,14.529568809453275,22
37,0.241,18.28574399697485,23
38,0.218,17.5960064325918,0
38,0.218,16.283916376306625,1
38,0.218,16.858160278745647,2
38,0.218,17.43240418118467,3
38,0.218,19.14146341463415,4
38,0.218,19.14146341463415,5
38,0.218,17.43240418118467,6
38,0.218,17.5960064325918,7
38,0.218,16.45612587754942,8
38,0.218,17.56461442377227,9
38,0.218,14.277101045296169,10
38,0.218,15.115889978791094,11
38,0.218,13.11892857142857,12
38,0.218,13.977012535979398,13
38,0.218,15.283282835933953,14
38,0.218,12.365200424178155,15
38,0.218,16.40062778366914,16
38,0.218,16.380535191637634,17
38,0.218,13.373958188153312,18
38,0.218,11.901987577639751,19
38,0.218,14.24595818815331,20
38,0.218,16.135840904608507,21
38,0.218,16.450895099710877,22
38,0.218,17.040357816234284,23
39,0.186,25.8453488372093,0
39,0.186,26.509634551495015,1
39,0.186,25.845348837209304,2
39,0.186,27.900000000000002,3
39,0.186,25.434418604651164,4
39,0.186,27.9,5
39,0.186,29.189186900056466,6
39,0.186,26.82533333333333,7
39,0.186,23.730094043887146,8
39,0.186,22.478167435728412,9
39,0.186,19.68139534883721,10
39,0.186,21.131009214567793,11
39,0.186,14.579816922315686,12
39,0.186,19.114624505928855,13
39,0.186,17.86944055944056,14
39,0.186,15.580332225913622,15
39,0.186,20.190047846889954,16
39,0.186,25.434418604651164,17
39,0.186,19.248248694826767,18
39,0.186,17.596664758497315,19
39,0.186,16.52684875440973,20
39,0.186,20.99646103896104,21
39,0.186,22.700172318325887,22
39,0.186,22.80098986285033,23
40,0.16,13.395348837209303,0
40,0.16,13.395348837209303,1
40,0.16,13.395348837209303,2
40,0.16,13.395348837209303,3
40,0.16,13.395348837209303,4
40,0.16,13.395348837209303,5
40,0.16,13.395348837209303,6
40,0.16,13.395348837209303,7
40,0.16,13.395348837209303,8
40,0.16,13.395348837209303,9
40,0.16,13.395348837209303,10
40,0.16,13.395348837209303,11
40,0.16,13.395348837209303,12
40,0.16,13.395348837209303,13
40,0.16,13.395348837209303,14
40,0.16,13.395348837209303,15
40,0.16,13.395348837209303,16
40,0.16,13.395348837209303,17
40,0.16,13.395348837209303,18
40,0.16,13.395348837209303,19
40,0.16,13.395348837209303,20
40,0.16,13.395348837209303,21
40,0.16,13.395348837209303,22
40,0.16,13.395348837209303,23
41,0.128,28.342857142857145,0
41,0.128,27.93494505494506,1
41,0.128,25.965714285714288,2
41,0.128,30.720000000000002,3
41,0.128,30.720000000000006,4
41,0.128,27.867428571428576,5
41,0.128,31.08571428571429,6
41,0.128,28.02285714285715,7
41,0.128,23.489924812030072,8
41,0.128,24.781118012422365,9
41,0.128,19.559832167832166,10
41,0.128,15.335361040366601,11
41,0.128,16.998527962909304,12
41,0.128,22.814945054945056,13
41,0.128,15.841241111829348,14
41,0.128,17.092592113768585,15
41,0.128,16.513406593406593,16
41,0.128,24.086505494505495,17
41,0.128,21.127032967032967,18
41,0.128,14.55938223938224,19
41,0.128,14.532818532818533,20
41,0.128,17.68400488400488,21
41,0.128,25.142857142857142,22
41,0.128,22.97904761904762,23
42,0.097,24.942857142857147,0
42,0.097,26.425474525474527,1
42,0.097,24.942857142857147,2
42,0.097,25.63571428571429,3
42,0.097,22.20718894009217,4
42,0.097,27.663896103896104,5
42,0.097,26.076623376623377,6
42,0.097,25.582417582417587,7
42,0.097,21.45041252864782,8
42,0.097,15.384014088607357,9
42,0.097,14.591031413278353,10
42,0.097,16.646336996336995,11
42,0.097,11.872817505075568,12
42,0.097,14.423190602500947,13
42,0.097,14.078943278943278,14
42,0.097,14.442372409446937,15
42,0.097,16.28941058941059,16
42,0.097,16.663391941391943,17
42,0.097,17.55830280830281,18
42,0.097,15.132,19
42,0.097,17.24032489249881,20
42,0.097,19.282747252747257,21
42,0.097,22.361624649859948,22
42,0.097,22.14349078341014,23
43,0.073,15.372115384615384,0
43,0.073,14.094615384615386,1
43,0.073,15.372115384615384,2
43,0.073,16.425,3
43,0.073,16.425,4
43,0.073,16.425,5
43,0.073,15.372115384615384,6
43,0.073,16.425,7
43,0.073,13.724827710988704,8
43,0.073,12.389945054945057,9
43,0.073,11.486925574425571,10
43,0.073,9.088901098901099,11
43,0.073,11.539615384615383,12
43,0.073,8.984615384615383,13
43,0.073,10.731401098901097,14
43,0.073,13.146016483516481,15
43,0.073,9.072857142857142,16
43,0.073,12.365076923076922,17
43,0.073,11.539615384615383,18
43,0.073,10.030681318681319,19
43,0.073,11.076346153846153,20
43,0.073,12.333201357466061,21
43,0.073,14.046886534518114,22
43,0.073,14.824615384615385,23
44,0.092,23.394285714285715,0
44,0.092,26.34916256157635,1
44,0.092,19.57832512315271,2
44,0.092,23.657142857142855,3
44,0.092,23.657142857142855,4
44,0.092,27.44228571428571,5
44,0.092,28.388571428571428,6
44,0.092,26.811428571428568,7
44,0.092,19.77680921832518,8
44,0.092,14.369682042095834,9
44,0.092,17.984464148877944,10
44,0.092,13.333201970443348,11
44,0.092,15.436059113300493,12
44,0.092,21.61773399014778,13
44,0.092,17.01320197044335,14
44,0.092,17.538916256157634,15
44,0.092,14.991044017161926,16
44,0.092,16.167907198474495,17
44,0.092,17.27605911330049,18
44,0.092,16.65366174055829,19
44,0.092,14.010715675129468,20
44,0.092,17.511896103896103,21
44,0.092,23.023896103896103,22
44,0.092,19.476221385105767,23
45,0.13,24.63157894736842,0
45,0.13,24.906918505942272,1
45,0.13,23.04244482173175,2
45,0.13,24.63157894736842,3
45,0.13,24.63157894736842,4
45,0.13,27.258947368421055,5
45,0.13,26.496052631578948,6
45,0.13,23.830075187969925,7
45,0.13,23.29042715484363,8
45,0.13,18.223462391611214,9
45,0.13,18.907856763119923,10
45,0.13,15.27565982404692,11
45,0.13,14.807472392671635,12
45,0.13,21.23129931089584,13
45,0.13,18.226557199778217,14
45,0.13,17.84695104697227,15
45,0.13,14.49311515871939,16
45,0.13,20.081229036399023,17
45,0.13,20.709908936564286,18
45,0.13,14.642238346179653,19
45,0.13,18.218228498074456,20
45,0.13,17.449469804732963,21
45,0.13,18.531105082624318,22
45,0.13,24.03533834586466,23
46,0.142,21.392207792207795,0
46,0.142,22.554025974025972,1
46,0.142,21.055448898927157,2
46,0.142,23.236363636363635,3
46,0.142,20.821321287408246,4
46,0.142,20.881937888198756,5
46,0.142,23.67415019762846,6
46,0.142,22.9501185770751,7
46,0.142,19.08083257283257,8
46,0.142,16.918512189564822,9
46,0.142,16.53990832696715,10
46,0.142,17.51733615221987,11
46,0.142,13.785994160877882,12
46,0.142,13.89601414845317,13
46,0.142,15.998633438633439,14
46,0.142,15.509246500866512,15
46,0.142,15.510182826292246,16
46,0.142,14.12544901906604,17
46,0.142,15.000253469934322,18
46,0.142,11.206566233766232,19
46,0.142,13.550163949525652,20
46,0.142,16.567413288465918,21
46,0.142,18.486546920821112,22
46,0.142,19.08098230272143,23
47,0.191,21.4875,0
47,0.191,20.699774686520374,1
47,0.191,19.371306818181818,2
47,0.191,21.423883228840126,3
47,0.191,18.57909090909091,4
47,0.191,21.985956112852666,5
47,0.191,22.38187695924765,6
47,0.191,19.741780956112855,7
47,0.191,16.49920822281167,8
47,0.191,16.487264150943396,9
47,0.191,14.516539548022598,10
47,0.191,16.06136363636364,11
47,0.191,10.231019433465086,12
47,0.191,13.713555968726164,13
47,0.191,14.071780303030303,14
47,0.191,17.577536231884057,15
47,0.191,11.952441534914362,16
47,0.191,17.03429347826087,17
47,0.191,15.42878623188406,18
47,0.191,9.735973684210526,19
47,0.191,12.021644433465086,20
47,0.191,16.780285560781767,21
47,0.191,13.99563220607392,22
47,0.191,19.588352272727274,23
48,0.134,14.894433428447067,0
48,0.134,16.308321875928396,1
48,0.134,16.09788654060067,2
48,0.134,16.09788654060067,3
48,0.134,14.546423562412343,4
48,0.134,16.205205784204672,5
48,0.134,16.8989698149459,6
48,0.134,15.783517039134393,7
48,0.134,14.913526209031708,8
48,0.134,15.032717373370732,9
48,0.134,10.866081603888915,10
48,0.134,12.65265367316342,11
48,0.134,11.404534467460147,12
48,0.134,13.379334301585638,13
48,0.134,10.42044013164933,14
48,0.134,11.443375047170292,15
48,0.134,13.243879677182685,16
48,0.134,12.945967016491755,17
48,0.134,13.560719640179911,18
48,0.134,10.459408259600488,19
48,0.134,13.599560219890057,20
48,0.134,13.874432014761851,21
48,0.134,14.642615031493541,22
48,0.134,15.517481259370316,23
49,0.161,20.95555555555556,0
49,0.161,22.366097560975607,1
49,0.161,20.98609756097561,2
49,0.161,20.7,3
49,0.161,20.7,4
49,0.161,23.735999999999997,5
49,0.161,21.96103448275862,6
49,0.161,21.33103448275862,7
49,0.161,17.86635397123202,8
49,0.161,18.016666666666666,9
49,0.161,17.013498909306023,10
49,0.161,14.625455688246388,11
49,0.161,15.418628273506323,12
49,0.161,16.174986811260208,13
49,0.161,15.226165899763709,14
49,0.161,14.224037760311157,15
49,0.161,15.733500975171475,16
49,0.161,16.891627906976744,17
49,0.161,14.626941894543078,18
49,0.161,13.06536179588987,19
49,0.161,16.38609756097561,20
49,0.161,17.64162162162162,21
49,0.161,18.422120288248337,22
49,0.161,19.4181962157206,23
51,0.12,24.0,0
51,0.12,24.004524886877828,1
51,0.12,22.76923076923077,2
51,0.12,24.5,3
51,0.12,24.0,4
51,0.12,24.0,5
51,0.12,24.5,6
51,0.12,23.599999999999998,7
51,0.12,21.26086956521739,8
51,0.12,17.32923076923077,9
51,0.12,18.823417961348998,10
51,0.12,19.86104218362283,11
51,0.12,16.81209113467178,12
51,0.12,18.364835164835164,13
51,0.12,17.065334665334664,14
51,0.12,16.696994896994898,15
51,0.12,16.91112266112266,16
51,0.12,17.104365904365903,17
51,0.12,19.595604395604393,18
51,0.12,12.652824822236585,19
51,0.12,18.304398826979472,20
51,0.12,16.72399532243804,21
51,0.12,16.72195804195804,22
51,0.12,19.81118881118881,23
52,3.969,21.37479054404841,0
52,3.969,18.10766686849924,1
52,3.969,19.83393410458839,2
52,3.969,20.775158211206694,3
52,3.969,19.123239586756572,4
52,3.969,20.11946208709508,5
52,3.969,18.964548493812487,6
52,3.969,20.5925257346785,7
52,3.969,18.706083930802894,8
52,3.969,16.228953300718498,9
52,3.969,17.88691511589764,10
52,3.969,16.744379202824643,11
52,3.969,17.836589638119385,12
52,3.969,17.363788457244365,13
52,3.969,15.861335695200134,14
52,3.969,17.183834559849927,15
52,3.969,17.0865367257232,16
52,3.969,16.835079956274427,17
52,3.969,16.61887667825421,18
52,3.969,17.60867230385821,19
52,3.969,16.897585831813785,20
52,3.969,17.303302980093203,21
52,3.969,17.109951692093897,22
52,3.969,18.41956298857359,23
53,0.124,10.145454545454546,0
53,0.124,10.145454545454546,1
53,0.124,10.145454545454546,2
53,0.124,10.145454545454546,3
53,0.124,10.145454545454546,4
53,0.124,10.145454545454546,5
53,0.124,10.145454545454546,6
53,0.124,10.145454545454546,7
53,0.124,10.145454545454546,8
53,0.124,10.145454545454546,9
53,0.124,10.145454545454546,10
53,0.124,10.145454545454546,11
53,0.124,10.145454545454546,12
53,0.124,10.145454545454546,13
53,0.124,10.145454545454546,14
53,0.124,10.145454545454546,15
53,0.124,10.145454545454546,16
53,0.124,10.145454545454546,17
53,0.124,10.145454545454546,18
53,0.124,10.145454545454546,19
53,0.124,10.145454545454546,20
53,0.124,10.145454545454546,21
53,0.124,10.145454545454546,22
53,0.124,10.145454545454546,23
54,0.074,53.279999999999994,0
54,0.074,69.89636363636363,1
54,0.074,61.41999999999999,2
54,0.074,66.59999999999998,3
54,0.074,53.279999999999994,4
54,0.074,85.24799999999999,5
54,0.074,106.55999999999999,6
54,0.074,51.79999999999999,7
54,0.074,38.215714285714284,8
54,0.074,34.80242424242424,9
54,0.074,46.21636363636363,10
54,0.074,32.823176823176816,11
54,0.074,28.389090909090907,12
54,0.074,34.71272727272727,13
54,0.074,67.09333333333332,14
54,0.074,35.60969696969696,15
54,0.074,65.45636363636363,16
54,0.074,40.848,17
54,0.074,69.36779220779219,18
54,0.074,28.335272727272724,19
54,0.074,38.81636363636363,20
54,0.074,38.72666666666666,21
54,0.074,57.50857142857141,22
54,0.074,47.78285714285713,23
55,0.143,32.175000000000004,0
55,0.143,32.88999999999999,1
55,0.143,28.05,2
55,0.143,32.175000000000004,3
55,0.143,29.7,4
55,0.143,30.128999999999998,5
55,0.143,31.23607142857143,6
55,0.143,32.175000000000004,7
55,0.143,29.34451496388029,8
55,0.143,28.548928571428565,9
55,0.143,21.754436816679384,10
55,0.143,23.593398467432948,11
55,0.143,18.103414450103752,12
55,0.143,21.521120689655174,13
55,0.143,20.820575268817205,14
55,0.143,22.37205882352941,15
55,0.143,21.727894736842103,16
55,0.143,26.125,17
55,0.143,20.53613831089351,18
55,0.143,19.773947368421048,19
55,0.143,19.56234875983061,20
55,0.143,20.025764302059496,21
55,0.143,28.423245614035086,22
55,0.143,28.88578431372549,23
56,0.127,21.77142857142857,0
56,0.127,19.049999999999997,1
56,0.127,21.77142857142857,2
56,0.127,21.77142857142857,3
56,0.127,21.77142857142857,4
56,0.127,19.59428571428571,5
56,0.127,19.049999999999997,6
56,0.127,19.769458128078817,7
56,0.127,16.058077193613823,8
56,0.127,16.361922268907563,9
56,0.127,15.549495798319326,10
56,0.127,16.607692307692307,11
56,0.127,12.718608058608057,12
56,0.127,14.272380952380951,13
56,0.127,16.892067226890756,14
56,0.127,16.086666666666666,15
56,0.127,11.255686274509806,16
56,0.127,16.119394957983197,17
56,0.127,17.60924369747899,18
56,0.127,12.412669683257919,19
56,0.127,14.600997899159665,20
56,0.127,17.88939075630252,21
56,0.127,16.010381905821284,22
56,0.127,19.987001791312135,23
57,0.11,22.0,0
57,0.11,19.780701754385966,1
57,0.11,19.761403508771934,2
57,0.11,20.86140350877193,3
57,0.11,18.885263157894734,4
57,0.11,20.865263157894738,5
57,0.11,20.707017543859646,6
57,0.11,21.090225563909772,7
57,0.11,17.202271062271063,8
57,0.11,15.995833333333335,9
57,0.11,14.529166666666669,10
57,0.11,11.748489666136726,11
57,0.11,11.974960254372021,12
57,0.11,15.583333333333334,13
57,0.11,16.241176470588233,14
57,0.11,14.2009009009009,15
57,0.11,14.96236559139785,16
57,0.11,14.3,17
57,0.11,17.183783783783785,18
57,0.11,14.338823529411764,19
57,0.11,18.791666666666668,20
57,0.11,16.523481116584566,21
57,0.11,18.42735042735043,22
57,0.11,19.819163292847502,23
58,0.136,20.991304347826087,0
58,0.136,16.723577235772357,1
58,0.136,19.26666666666667,2
58,0.136,20.547826086956526,3
58,0.136,17.348292682926832,4
58,0.136,20.400000000000002,5
58,0.136,20.400000000000002,6
58,0.136,19.866461538461543,7
58,0.136,16.16321044546851,8
58,0.136,15.590243902439026,9
58,0.136,14.006128830519074,10
58,0.136,16.37485928705441,11
58,0.136,14.108192620387742,12
58,0.136,13.8317698561601,13
58,0.136,12.46067428506453,14
58,0.136,15.241525953721078,15
58,0.136,12.184251520836888,16
58,0.136,16.110769230769233,17
58,0.136,15.313821138211381,18
58,0.136,13.219061913696061,19
58,0.136,13.692307692307692,20
58,0.136,15.306910569105694,21
58,0.136,15.491232423490489,22
58,0.136,19.778285714285715,23
59,0.199,22.387500000000003,0
59,0.199,19.866394596115956,1
59,0.199,20.57840909090909,2
59,0.199,21.60267379679145,3
59,0.199,19.880956937799045,4
59,0.199,21.333286478227656,5
59,0.199,21.3959205500382,6
59,0.199,21.49625668449198,7
59,0.199,18.5636362776947,8
59,0.199,15.994585326953748,9
59,0.199,15.95618181818182,10
59,0.199,14.157160377358492,11
59,0.199,13.828227408143,12
59,0.199,16.558930667148147,13
59,0.199,12.683086901978674,14
59,0.199,14.877392344497608,15
59,0.199,16.7936004784689,16
59,0.199,17.16732057416268,17
59,0.199,17.847705831903944,18
59,0.199,14.172080436941414,19
59,0.199,19.34822727272727,20
59,0.199,16.95169382504288,21
59,0.199,16.989747709654687,22
59,0.199,18.89703639383872,23
60,0.194,12.894141414141416,0
60,0.194,12.698181818181821,1
60,0.194,12.698181818181821,2
60,0.194,12.698181818181821,3
60,0.194,12.69818181818182,4
60,0.194,12.65283116883117,5
60,0.194,12.479247648902822,6
60,0.194,12.275512078811653,7
60,0.194,10.8922359232807,8
60,0.194,11.293425121632389,9
60,0.194,9.701871502990548,10
60,0.194,10.004477200540647,11
60,0.194,9.35887368151247,12
60,0.194,12.074125874125876,13
60,0.194,9.42690986141811,14
60,0.194,9.86854126460471,15
60,0.194,10.826013986013988,16
60,0.194,11.445758405977585,17
60,0.194,11.48934118513066,18
60,0.194,9.293408019521934,19
60,0.194,9.48208219178082,20
60,0.194,10.508596608870583,21
60,0.194,10.790473751600514,22
60,0.194,11.769258008760254,23
61,0.132,15.499354838709678,0
61,0.132,14.625,1
61,0.132,14.071165240289664,2
61,0.132,15.249193548387098,3
61,0.132,13.915398288347598,4
61,0.132,14.962713472485769,5
61,0.132,14.784677419354841,6
61,0.132,13.70418367346939,7
61,0.132,12.439890185312287,8
61,0.132,10.986484389225836,9
61,0.132,10.774031067471602,10
61,0.132,11.781323098903256,11
61,0.132,10.774031067471602,12
61,0.132,10.705251215105122,13
61,0.132,11.516992685886985,14
61,0.132,11.580378040028641,15
61,0.132,11.511598187662164,16
61,0.132,13.0766030283081,17
61,0.132,11.511598187662164,18
61,0.132,9.69795918367347,19
61,0.132,10.710645713329946,20
61,0.132,12.513495720868994,21
61,0.132,12.657169190256747,22
61,0.132,12.77171823568137,23
62,0.082,15.407368421052631,0
62,0.082,12.41462365591398,1
62,0.082,14.760000000000003,2
62,0.082,14.760000000000003,3
62,0.082,14.760000000000002,4
62,0.082,15.102796992481206,5
62,0.082,14.325058099794944,6
62,0.082,13.546317553414328,7
62,0.082,12.726002273588483,8
62,0.082,11.427096774193549,9
62,0.082,9.89655172413793,10
62,0.082,11.374193548387098,11
62,0.082,9.628387096774194,12
62,0.082,11.268387096774196,13
62,0.082,10.988311195445922,14
62,0.082,11.268387096774193,15
62,0.082,10.448387096774194,16
62,0.082,11.617548387096777,17
62,0.082,13.940000000000003,18
62,0.082,10.968949626569204,19
62,0.082,12.37641577060932,20
62,0.082,11.268387096774193,21
62,0.082,11.853099047782031,22
62,0.082,13.871438127090302,23
63,0.165,17.03924369747899,0
63,0.182,20.705176470588235,1
63,0.165,15.714285714285715,2
63,0.165,17.099734630694382,3
63,0.165,17.052806722689077,4
63,0.165,16.907278195488722,5
63,0.165,18.62747899159664,6
63,0.165,17.099734630694382,7
63,0.165,14.767477997318878,8
63,0.165,13.637267080745344,9
63,0.165,12.462761104441777,10
63,0.165,13.891541364296081,11
63,0.165,15.705025527192008,12
63,0.165,13.904286405418482,13
63,0.182,14.80835886052534,14
63,0.182,13.160000000000002,15
63,0.182,14.15035294117647,16
63,0.165,13.327050862450244,17
63,0.165,12.841351909184725,18
63,0.165,12.794285714285715,19
63,0.165,13.9053317657854,20
63,0.182,14.988571428571433,21
63,0.182,17.19453488372093,22
63,0.165,15.573688849095477,23
64,0.192,6.303025494218155,0
64,0.192,6.501822667851478,1
64,0.192,6.211502383765943,2
64,0.192,6.433600509015245,3
64,0.192,6.318225187656381,4
64,0.192,6.295165971643036,5
64,0.192,6.312460383653044,6
64,0.192,6.256005780149646,7
64,0.192,5.720279513752478,8
64,0.192,5.895851225157635,9
64,0.192,5.699272761335677,10
64,0.192,5.115779358424796,11
64,0.192,5.498949569264103,12
64,0.192,5.4592718202714785,13
64,0.192,5.539249419339066,14
64,0.192,5.353076189178139,15
64,0.192,5.533732177959755,16
64,0.192,5.490453933084675,17
64,0.192,5.795153281577065,18
64,0.192,5.306770402722056,19
64,0.192,5.392063625551137,20
64,0.192,5.811441030453454,21
64,0.192,5.896346242197588,22
64,0.192,5.887588305942057,23
65,0.152,22.496,0
65,0.152,24.36274318507891,1
65,0.152,21.888,2
65,0.152,21.888,3
65,0.152,20.72922352941176,4
65,0.152,20.72922352941176,5
65,0.152,24.319999999999997,6
65,0.152,21.617777777777775,7
65,0.152,19.43457413933315,8
65,0.152,17.98690909090909,9
65,0.152,18.46909612625538,10
65,0.152,21.140705882352943,11
65,0.152,19.060392156862743,12
65,0.152,20.842666666666666,13
65,0.152,19.892705882352942,14
65,0.152,18.144000000000002,15
65,0.152,20.507133428981348,16
65,0.152,18.23284705882353,17
65,0.152,20.576000000000004,18
65,0.152,17.074070588235294,19
65,0.152,16.628392156862745,20
65,0.152,17.22233155080214,21
65,0.152,19.653273576097106,22
65,0.152,19.68648366013072,23
66,0.264,18.57556561085973,0
66,0.264,22.39819004524887,1
66,0.264,19.140995475113126,2
66,0.264,18.396380090497736,3
66,0.264,18.49194570135747,4
66,0.264,18.42027149321267,5
66,0.264,19.69049773755656,6
66,0.264,19.630769230769232,7
66,0.264,17.71897435897436,8
66,0.264,16.865101214574903,9
66,0.264,17.813481243614074,10
66,0.264,15.989006906406287,11
66,0.264,16.0314979757085,12
66,0.264,17.803076923076926,13
66,0.264,14.689065059787213,14
66,0.264,15.992307692307696,15
66,0.264,14.578702570379436,16
66,0.264,16.391514170040487,17
66,0.264,14.809809444904722,18
66,0.264,17.091909502262446,19
66,0.264,16.03113122171946,20
66,0.264,17.942024291497976,21
66,0.264,18.6251012145749,22
66,0.264,17.005369532428357,23
67,0.246,19.981422924901185,0
67,0.246,29.965393430099315,1
67,0.246,16.283701464775632,2
67,0.246,19.54387351778656,3
67,0.246,19.427193675889328,4
67,0.246,19.602213438735177,5
67,0.246,23.363749294184075,6
67,0.246,18.797465705649845,7
67,0.246,18.081895247609534,8
67,0.246,15.405851795263558,9
67,0.246,18.715994872525282,10
67,0.246,19.95208618939481,11
67,0.246,18.916799397218412,12
67,0.246,21.433384262796025,13
67,0.246,17.58417175089214,14
67,0.246,13.910145776866164,15
67,0.246,23.77478259049572,16
67,0.246,21.694606569900685,17
67,0.246,21.13604340864615,18
67,0.246,12.845124899274776,19
67,0.246,14.79676214196762,20
67,0.246,18.226050420168065,21
67,0.246,22.45948051948052,22
67,0.246,18.46110473377554,23
68,0.113,27.12,0
68,0.113,27.442857142857147,1
68,0.113,25.312,2
68,0.113,27.12,3
68,0.113,24.950400000000002,4
68,0.113,27.119999999999997,5
68,0.113,27.442857142857147,6
68,0.113,27.442857142857147,7
68,0.113,23.974891640866876,8
68,0.113,22.815238095238097,9
68,0.113,20.483818181818183,10
68,0.113,18.193,11
68,0.113,16.385,12
68,0.113,15.87022222222222,13
68,0.113,18.419,14
68,0.113,21.809,15
68,0.113,19.887999999999995,16
68,0.113,20.611200000000004,17
68,0.113,23.102222222222224,18
68,0.113,16.03093333333333,19
68,0.113,19.888,20
68,0.113,20.77438961038961,21
68,0.113,23.03680672268908,22
68,0.113,23.965970588235294,23
69,0.087,14.236363636363636,0
69,0.087,14.236363636363636,1
69,0.087,14.236363636363636,2
69,0.087,14.236363636363636,3
69,0.087,14.236363636363638,4
69,0.087,14.236363636363638,5
69,0.087,14.236363636363636,6
69,0.087,14.236363636363636,7
69,0.087,14.236363636363636,8
69,0.087,14.236363636363636,9
69,0.087,14.236363636363636,10
69,0.087,14.236363636363636,11
69,0.087,14.236363636363636,12
69,0.087,14.236363636363636,13
69,0.087,14.236363636363636,14
69,0.087,14.236363636363636,15
69,0.087,14.236363636363636,16
69,0.087,14.236363636363638,17
69,0.087,14.236363636363636,18
69,0.087,14.236363636363638,19
69,0.087,14.236363636363636,20
69,0.087,14.236363636363636,21
69,0.087,14.236363636363636,22
69,0.087,14.236363636363636,23
70,0.137,24.46428571428571,0
70,0.137,22.771621621621623,1
70,0.137,24.66,2
70,0.137,24.66,3
70,0.137,24.66,4
70,0.137,24.66,5
70,0.137,24.66,6
70,0.137,24.090649350649347,7
70,0.137,20.327521367521367,8
70,0.137,19.190890302066773,9
70,0.137,16.79649277184161,10
70,0.137,16.764698544698543,11
70,0.137,12.3997485857951,12
70,0.137,16.992557172557174,13
70,0.137,14.669513694296304,14
70,0.137,12.399748585795097,15
70,0.137,14.288126964173477,16
70,0.137,17.489845380263986,17
70,0.137,16.568634143982983,18
70,0.137,17.11785292269013,19
70,0.137,18.76700623700624,20
70,0.137,16.279640302066777,21
70,0.137,19.734732905982906,22
70,0.137,19.325331800331803,23
71,0.161,21.566511627906976,0
71,0.161,22.886769230769232,1
71,0.161,19.651792486583183,2
71,0.161,21.269280858676208,3
71,0.161,18.76701252236136,4
71,0.161,22.648984615384613,5
71,0.161,22.886769230769232,6
71,0.161,22.186547008547006,7
71,0.161,19.857516456193157,8
71,0.161,15.101743586051308,9
71,0.161,15.555356589147285,10
71,0.161,14.803534883720928,11
71,0.161,14.63553488372093,12
71,0.161,18.185023255813952,13
71,0.161,15.245640146878825,14
71,0.161,16.567534883720928,15
71,0.161,16.274511627906975,16
71,0.161,17.185227906976742,17
71,0.161,15.941912144702842,18
71,0.161,12.37669457364341,19
71,0.161,19.656,20
71,0.161,17.150868217054263,21
71,0.161,18.292676470588233,22
71,0.161,20.717674021069367,23
72,0.051,23.314285714285713,0
72,0.051,23.314285714285713,1
72,0.051,24.58928571428571,2
72,0.051,25.68214285714286,3
72,0.051,22.731428571428573,4
72,0.051,22.731428571428573,5
72,0.051,23.49642857142857,6
72,0.051,25.135714285714286,7
72,0.051,20.495274725274726,8
72,0.051,20.194675324675323,9
72,0.051,19.04220779220779,10
72,0.051,17.816883116883115,11
72,0.051,15.995454545454544,12
72,0.051,21.227922077922077,13
72,0.051,17.088311688311688,14
72,0.051,19.174675324675324,15
72,0.051,16.287774725274726,16
72,0.051,17.25032967032967,17
72,0.051,16.196703296703294,18
72,0.051,17.485714285714284,19
72,0.051,20.37197802197802,20
72,0.051,17.12142857142857,21
72,0.051,21.227922077922077,22
72,0.051,21.846103896103894,23
73,0.069,31.050000000000008,0
73,0.069,26.034230769230774,1
73,0.069,29.059615384615388,2
73,0.069,31.050000000000008,3
73,0.069,28.661538461538463,4
73,0.069,31.050000000000004,5
73,0.069,26.98961538461539,6
73,0.069,28.48461538461539,7
73,0.069,25.078846153846158,8
73,0.069,24.254258241758247,9
73,0.069,17.458516483516487,10
73,0.069,20.89279411764706,11
73,0.069,17.316346153846155,12
73,0.069,15.969909502262446,13
73,0.069,19.15452488687783,14
73,0.069,21.894230769230774,15
73,0.069,20.779615384615386,16
73,0.069,27.945000000000004,17
73,0.069,19.227115384615388,18
73,0.069,17.372076923076925,19
73,0.069,24.6239010989011,20
73,0.069,25.078846153846158,21
73,0.069,19.41098901098901,22
73,0.069,22.495367132867134,23
74,0.231,29.7,0
74,0.231,28.741935483870964,1
74,0.231,27.76304347826087,2
74,0.231,29.7,3
74,0.231,29.7,4
74,0.231,29.12516129032258,5
74,0.231,28.12318548387097,6
74,0.231,29.370000000000005,7
74,0.231,27.175945945945944,8
74,0.231,22.216393631837004,9
74,0.231,21.904658385093168,10
74,0.231,19.825566604995373,11
74,0.231,18.407543478260873,12
74,0.231,22.91808326605928,13
74,0.231,18.173312443685365,14
74,0.231,21.206565911528998,15
74,0.231,19.997580215328856,16
74,0.231,19.98541806020067,17
74,0.231,17.2704005140287,18
74,0.231,17.600721903199343,19
74,0.231,20.78325581395349,20
74,0.231,24.34108695652174,21
74,0.231,25.68546001244211,22
74,0.231,28.347438330170775,23
75,0.756,18.59882583170254,0
75,0.582,15.537159636057353,1
75,0.756,17.16838905775076,2
75,0.582,17.324955624219314,3
75,0.756,16.899209726443768,4
75,0.582,16.301218677009206,5
75,0.756,17.52500541685482,6
75,0.756,16.588322407441446,7
75,0.756,16.529187194400276,8
75,0.756,15.422924223001802,9
75,0.756,14.637983298194063,10
75,0.756,13.575832111729428,11
75,0.582,11.862954350797475,12
75,0.756,13.454412068938078,13
75,0.756,11.80221896592036,14
75,0.582,12.753191489361702,15
75,0.582,11.076248616458786,16
75,0.756,11.697783757498339,17
75,0.582,14.054760532340971,18
75,0.756,14.164157502292658,19
75,0.756,14.85163647092864,20
75,0.756,13.974857709355968,21
75,0.756,15.756003758748227,22
75,0.756,16.83758316205513,23
76,0.121,28.08630541871921,0
76,0.121,28.823928571428567,1
76,0.121,27.394876847290636,2
76,0.121,29.428928571428568,3
76,0.121,27.065852216748766,4
76,0.121,29.92157142857143,5
76,0.121,28.478214285714284,6
76,0.121,30.42285714285714,7
76,0.121,26.2878431372549,8
76,0.121,23.963761904761906,9
76,0.121,16.830041682455477,10
76,0.121,16.51711174487944,11
76,0.121,13.695156857661395,12
76,0.121,17.112280311457177,13
76,0.121,14.12431941923775,14
76,0.121,19.349162561576353,15
76,0.121,13.51320197044335,16
76,0.121,16.694423645320196,17
76,0.121,19.3631371532279,18
76,0.121,19.08342857142857,19
76,0.121,17.987132065067552,20
76,0.121,19.581733990147786,21
76,0.121,26.194635854341737,22
76,0.121,29.77464285714285,23
77,0.372,24.677999999999997,0
77,0.372,25.753846153846155,1
77,0.372,26.783999999999995,2
77,0.372,26.783999999999995,3
77,0.372,26.784,4
77,0.372,26.784,5
77,0.372,24.196963358622796,6
77,0.372,25.75384615384615,7
77,0.372,26.03797316113409,8
77,0.372,18.470743070436168,9
77,0.372,16.600288073711116,10
77,0.372,18.43219301855802,11
77,0.372,14.405684785426986,12
77,0.372,13.958088654926973,13
77,0.372,21.263740890688254,14
77,0.372,20.593647597254005,15
77,0.372,18.73870581907285,16
77,0.372,18.605829014205767,17
77,0.372,15.739409305711215,18
77,0.372,16.07646663520803,19
77,0.372,17.961930785452516,20
77,0.372,17.918101824916352,21
77,0.372,18.753066375407936,22
77,0.372,21.51167981697561,23
78,0.257,13.344844720496896,0
78,0.257,12.088678812002449,1
78,0.257,12.684386645962732,2
78,0.257,13.251728778467909,3
78,0.257,13.332074534161489,4
78,0.257,13.112565385261039,5
78,0.257,12.39726210383819,6
78,0.257,12.73027950310559,7
78,0.257,12.810127355511634,8
78,0.257,11.272906666010888,9
78,0.257,9.997151172444024,10
78,0.257,9.82084308672559,11
78,0.257,9.825287999531232,12
78,0.257,9.750779250844678,13
78,0.257,9.783591363102234,14
78,0.257,10.591499179655456,15
78,0.257,9.312686429143065,16
78,0.257,10.782299015586547,17
78,0.257,10.591499179655456,18
78,0.257,8.350283312797043,19
78,0.257,11.59036552027534,20
78,0.257,11.477756031269179,21
78,0.257,11.759396402309447,22
78,0.257,11.958027573140562,23
79,0.148,22.843478260869563,0
79,0.148,21.883808095952023,1
79,0.148,21.582056590752245,2
79,0.148,21.194367102163206,3
79,0.148,21.758757763975154,4
79,0.148,22.2,5
79,0.148,21.24587706146927,6
79,0.148,22.52173913043478,7
79,0.148,20.055174603174603,8
79,0.148,20.58374603174603,9
79,0.148,18.967263770712044,10
79,0.148,18.598423645320192,11
79,0.148,18.077762882279007,12
79,0.148,19.124675324675323,13
79,0.148,16.469004329004328,14
79,0.148,18.60571428571428,15
79,0.148,16.23896103896104,16
79,0.148,20.931428571428572,17
79,0.148,19.574102368220014,18
79,0.148,15.961896103896104,19
79,0.148,18.688295516743793,20
79,0.148,18.748544558889385,21
79,0.148,19.409142857142857,22
79,0.148,21.37542857142857,23
80,0.165,37.125,0
80,0.165,32.63075447570333,1
80,0.165,33.358695652173914,2
80,0.165,36.7610294117647,3
80,0.165,34.86521739130435,4
80,0.165,34.86521739130435,5
80,0.165,36.7610294117647,6
80,0.165,37.125,7
80,0.165,33.01033834586466,8
80,0.165,29.866659856162144,9
80,0.165,27.529891304347828,10
80,0.165,28.903695652173912,11
80,0.165,24.347402452619846,12
80,0.165,25.150083612040135,13
80,0.165,24.653428093645488,14
80,0.165,33.014347826086954,15
80,0.165,23.70544672718586,16
80,0.165,28.085869565217394,17
80,0.165,26.315674823878382,18
80,0.165,26.31144816053512,19
80,0.165,31.88548136645963,20
80,0.165,29.339686171951623,21
80,0.165,33.796052631578945,22
80,0.165,33.82640664961637,23
81,0.082,54.66666666666668,0
81,0.082,54.66666666666668,1
81,0.082,54.66666666666668,2
81,0.082,59.04000000000001,3
81,0.082,59.040000000000006,4
81,0.082,53.79200000000001,5
81,0.082,59.04000000000001,6
81,0.082,59.04000000000001,7
81,0.082,49.74666666666667,8
81,0.082,42.23000000000001,9
81,0.082,37.856666666666676,10
81,0.082,42.913333333333334,11
81,0.082,39.223333333333336,12
81,0.082,38.540000000000006,13
81,0.082,38.540000000000006,14
81,0.082,45.92000000000001,15
81,0.082,37.17333333333334,16
81,0.082,53.79200000000001,17
81,0.082,44.826666666666675,18
81,0.082,43.29600000000001,19
81,0.082,45.15857142857143,20
81,0.082,46.232380952380964,21
81,0.082,48.5752380952381,22
81,0.082,54.66666666666668,23
82,0.069,30.310714285714294,0
82,0.069,31.050000000000008,1
82,0.069,29.325000000000006,2
82,0.069,31.050000000000008,3
82,0.069,31.050000000000004,4
82,0.069,31.050000000000004,5
82,0.069,31.78928571428572,6
82,0.069,31.050000000000008,7
82,0.069,30.475000000000005,8
82,0.069,27.255000000000006,9
82,0.069,21.14805194805195,10
82,0.069,22.473251748251755,11
82,0.069,21.666758241758245,12
82,0.069,21.439285714285717,13
82,0.069,22.474285714285717,14
82,0.069,24.396428571428576,15
82,0.069,20.256428571428575,16
82,0.069,26.910000000000007,17
82,0.069,19.562079831932774,18
82,0.069,19.19868131868132,19
82,0.069,22.15961538461539,20
82,0.069,24.660779220779222,21
82,0.069,25.990000000000006,22
82,0.069,27.68214285714286,23
83,0.082,59.04000000000001,0
83,0.082,60.27000000000001,1
83,0.082,57.81,2
83,0.082,63.96000000000001,3
83,0.082,48.544000000000004,4
83,0.082,59.040000000000006,5
83,0.082,66.42,6
83,0.082,61.50000000000001,7
83,0.082,54.53,8
83,0.082,45.68571428571429,9
83,0.082,49.74666666666667,10
83,0.082,39.90666666666667,11
83,0.082,38.67666666666667,12
83,0.082,44.28,13
83,0.082,52.88999999999999,14
83,0.082,50.97666666666668,15
83,0.082,47.150000000000006,16
83,0.082,44.11600000000001,17
83,0.082,51.52333333333333,18
83,0.082,52.31600000000001,19
83,0.082,38.65714285714286,20
83,0.082,52.59714285714286,21
83,0.082,52.07,22
83,0.082,59.04000000000001,23
84,0.081,32.400000000000006,0
84,0.081,28.108928571428574,1
84,0.081,30.471428571428575,2
84,0.081,30.037500000000005,3
84,0.081,32.400000000000006,4
84,0.081,29.565000000000005,5
84,0.081,25.312500000000004,6
84,0.081,27.337500000000002,7
84,0.081,27.19636363636364,8
84,0.081,23.480357142857144,9
84,0.081,22.689075630252105,10
84,0.081,24.34014221073045,11
84,0.081,22.555384615384614,12
84,0.081,25.87846153846154,13
84,0.081,19.02492770387507,14
84,0.081,25.219780219780223,15
84,0.081,22.78681318681319,16
84,0.081,26.09802197802198,17
84,0.081,22.757142857142856,18
84,0.081,22.53758241758242,19
84,0.081,25.33846153846154,20
84,0.081,25.597402597402596,21
84,0.081,27.8775,22
84,0.081,29.391428571428573,23
85,0.153,6.7913401322195455,0
85,0.153,7.355769230769231,1
85,0.153,6.934110336698612,2
85,0.153,7.046640701071081,3
85,0.153,6.7730550914774765,4
85,0.153,6.75517777891662,5
85,0.153,7.129819863680623,6
85,0.153,7.046640701071081,7
85,0.153,6.707918750820332,8
85,0.153,6.184670021448606,9
85,0.153,6.476366459627329,10
85,0.153,6.136171951618176,11
85,0.153,6.613690579083837,12
85,0.153,6.181015330027749,13
85,0.153,6.5360631769177004,14
85,0.153,6.157448488660656,15
85,0.153,6.640015330027748,16
85,0.153,6.354322729901678,17
85,0.153,6.635720490902371,18
85,0.153,6.321227299016773,19
85,0.153,6.335016839030787,20
85,0.153,6.869145157168414,21
85,0.153,6.625067278948065,22
85,0.153,6.439001203788195,23
86,0.113,27.03928571428571,0
86,0.113,33.980714285714285,1
86,0.113,31.72071428571429,2
86,0.113,28.088571428571427,3
86,0.113,27.89485714285714,4
86,0.113,28.282285714285713,5
86,0.113,31.397857142857145,6
86,0.113,32.043571428571425,7
86,0.113,19.935292710385593,8
86,0.113,21.058978021978024,9
86,0.113,21.568650793650793,10
86,0.113,22.158485958485958,11
86,0.113,24.391857142857138,12
86,0.113,16.35975712143928,13
86,0.113,22.72282608695652,14
86,0.113,21.10854037267081,15
86,0.113,23.003571428571423,16
86,0.113,23.369033724895793,17
86,0.113,25.901835164835166,18
86,0.113,27.71190476190476,19
86,0.113,19.561201624462495,20
86,0.113,26.15142857142857,21
86,0.113,26.32984962406015,22
86,0.113,26.249135338345866,23
87,0.074,14.021052631578948,0
87,0.074,12.807692307692307,1
87,0.074,13.319999999999999,2
87,0.074,13.319999999999999,3
87,0.074,12.090461538461538,4
87,0.074,13.066285714285712,5
87,0.074,13.118181818181817,6
87,0.074,12.807692307692307,7
87,0.074,11.717874125874125,8
87,0.074,10.82676923076923,9
87,0.074,10.758461538461537,10
87,0.074,11.27076923076923,11
87,0.074,10.0021978021978,12
87,0.074,10.27054945054945,13
87,0.074,11.31142857142857,14
87,0.074,11.417142857142856,15
87,0.074,9.424835164835162,16
87,0.074,10.421802197802197,17
87,0.074,11.417142857142856,18
87,0.074,10.71454945054945,19
87,0.074,10.181098901098899,20
87,0.074,11.539120879120878,21
87,0.074,10.636483516483516,22
87,0.074,12.605874125874125,23
88,0.026,17.828571428571426,0
88,0.026,18.72,1
88,0.026,17.828571428571426,2
88,0.026,18.72,3
88,0.026,17.316,4
88,0.026,18.72,5
88,0.026,18.72,6
88,0.026,18.72,7
88,0.026,15.525714285714285,8
88,0.026,13.092857142857143,9
88,0.026,14.875714285714286,10
88,0.026,13.371428571428572,11
88,0.026,16.045714285714286,12
88,0.026,15.154285714285715,13
88,0.026,15.55047619047619,14
88,0.026,16.937142857142856,15
88,0.026,12.931904761904761,16
88,0.026,13.438285714285715,17
88,0.026,14.597142857142856,18
88,0.026,12.702857142857145,19
88,0.026,14.262857142857143,20
88,0.026,14.597142857142856,21
88,0.026,13.984285714285713,22
88,0.026,15.525714285714287,23
89,0.264,38.016,0
89,0.264,32.661933696190005,1
89,0.264,35.36372093023255,2
89,0.264,38.56695652173912,3
89,0.264,38.016,4
89,0.264,38.016,5
89,0.264,39.18148494983278,6
89,0.264,36.62830769230769,7
89,0.264,32.94995915082952,8
89,0.264,32.9537898957498,9
89,0.264,29.364925460128703,10
89,0.264,22.42330477356181,11
89,0.264,25.164367729831145,12
89,0.264,26.059249203204413,13
89,0.264,30.003751227495908,14
89,0.264,28.87879785330948,15
89,0.264,25.367937575692537,16
89,0.264,28.091585551707077,17
89,0.264,27.406883720930235,18
89,0.264,28.091585551707077,19
89,0.264,21.996527102783414,20
89,0.264,28.407014777271087,21
89,0.264,28.797751227495908,22
89,0.264,34.42505426356589,23
90,0.141,27.416666666666668,0
90,0.141,32.832857142857144,1
90,0.141,31.724999999999998,2
90,0.141,31.724999999999998,3
90,0.141,31.725,4
90,0.141,33.054428571428566,5
90,0.141,32.832857142857144,6
90,0.141,31.102941176470583,7
90,0.141,25.987606951871655,8
90,0.141,24.08409420289855,9
90,0.141,22.27675953079179,10
90,0.141,24.12310606060606,11
90,0.141,19.171566471163242,12
90,0.141,22.683095238095234,13
90,0.141,19.81528138528138,14
90,0.141,20.04875541125541,15
90,0.141,20.889997170345215,16
90,0.141,20.056792207792206,17
90,0.141,26.135357142857142,18
90,0.141,20.252441471571906,19
90,0.141,21.81703846153846,20
90,0.141,26.05809420289855,21
90,0.141,29.245131578947365,22
90,0.141,28.672303921568627,23
91,0.199,27.553846153846155,0
91,0.199,26.70341880341881,1
91,0.199,26.133132227249877,2
91,0.199,27.213675213675216,3
91,0.199,26.941538461538464,4
91,0.199,24.908676923076925,5
91,0.199,26.885653235653237,6
91,0.199,26.303217697335345,7
91,0.199,24.657060592355364,8
91,0.199,24.970673076923077,9
91,0.199,21.146515675500968,10
91,0.199,22.993354449472097,11
91,0.199,23.18588290475665,12
91,0.199,22.151131221719456,13
91,0.199,18.416915009906404,14
91,0.199,22.265848008597874,15
91,0.199,18.14431658423656,16
91,0.199,22.20515837104072,17
91,0.199,21.70041659636475,18
91,0.199,18.44029861286255,19
91,0.199,21.040423076923076,20
91,0.199,18.25815776769539,21
91,0.199,21.628167504706784,22
91,0.199,24.452430510665806,23
92,0.14,20.86,0
92,0.14,20.86,1
92,0.14,20.720000000000002,2
92,0.14,20.86,3
92,0.14,20.663999999999998,4
92,0.14,20.340923076923076,5
92,0.14,21.470355731225297,6
92,0.14,20.02,7
92,0.14,19.835934596804165,8
92,0.14,18.927320954907163,9
92,0.14,17.23076923076923,10
92,0.14,18.9,11
92,0.14,15.641176470588237,12
92,0.14,17.14054054054054,13
92,0.14,16.58111455108359,14
92,0.14,16.321052631578947,15
92,0.14,16.064014687882498,16
92,0.14,17.36,17
92,0.14,14.747463252726412,18
92,0.14,14.419999999999998,19
92,0.14,14.466666666666669,20
92,0.14,16.12625113151429,21
92,0.14,18.570588235294117,22
92,0.14,19.33076923076923,23
93,0.153,36.72,0
93,0.153,31.365,1
93,0.153,35.19,2
93,0.153,36.3375,3
93,0.153,34.884,4
93,0.153,35.342999999999996,5
93,0.153,34.425000000000004,6
93,0.153,34.807500000000005,7
93,0.153,33.760657894736845,8
93,0.153,25.188758893280635,9
93,0.153,27.092769230769232,10
93,0.153,31.04551724137931,11
93,0.153,23.77303448275862,12
93,0.153,29.54076923076923,13
93,0.153,26.349999999999998,14
93,0.153,29.682000000000002,15
93,0.153,28.36303448275862,16
93,0.153,31.028399999999998,17
93,0.153,25.98351923076923,18
93,0.153,28.304488294314382,19
93,0.153,25.411304347826086,20
93,0.153,28.220335968379445,21
93,0.153,27.616504022293494,22
93,0.153,32.75407894736842,23
94,0.182,37.113725490196074,0
94,0.182,35.695196078431366,1
94,0.182,33.64242424242424,2
94,0.182,36.75686274509804,3
94,0.182,36.4,4
94,0.182,39.312,5
94,0.182,37.58575757575757,6
94,0.182,37.26539215686274,7
94,0.182,31.337671451355664,8
94,0.182,26.572743083003953,9
94,0.182,20.775107814386754,10
94,0.182,25.32752228163993,11
94,0.182,24.482782665363306,12
94,0.182,30.81244444444445,13
94,0.182,23.542424242424243,14
94,0.182,23.573333333333334,15
94,0.182,26.12758553274682,16
94,0.182,19.523636363636363,17
94,0.182,23.15652003910068,18
94,0.182,27.355151515151515,19
94,0.182,26.26244444444444,20
94,0.182,33.11146245059289,21
94,0.182,32.247671451355664,22
94,0.182,37.11372549019608,23
95,0.112,26.281739130434786,0
95,0.112,29.378461538461536,1
95,0.112,26.88,2
95,0.112,26.88,3
95,0.112,25.74821052631579,4
95,0.112,28.534153846153846,5
95,0.112,30.326153846153847,6
95,0.112,27.569230769230767,7
95,0.112,26.235113122171942,8
95,0.112,23.02385964912281,9
95,0.112,21.530526315789473,10
95,0.112,22.096842105263153,11
95,0.112,21.15368421052632,12
95,0.112,23.71368421052632,13
95,0.112,21.54156299840511,14
95,0.112,21.06681090076971,15
95,0.112,20.88996879550655,16
95,0.112,23.87829748283753,17
95,0.112,22.21628458498024,18
95,0.112,20.58442105263158,19
95,0.112,20.72973913043478,20
95,0.112,22.753684210526316,21
95,0.112,23.916449948400412,22
95,0.112,24.602724458204335,23
96,0.136,27.2,0
96,0.136,26.680952380952387,1
96,0.136,24.444444444444443,2
96,0.136,25.688888888888886,3
96,0.136,27.2,4
96,0.136,25.706666666666667,5
96,0.136,28.266666666666666,6
96,0.136,25.211695906432748,7
96,0.136,24.273939393939397,8
96,0.136,20.53563970702821,9
96,0.136,17.41198534798535,10
96,0.136,20.93968253968254,11
96,0.136,19.011713191023542,12
96,0.136,22.249808429118776,13
96,0.136,18.81379310344828,14
96,0.136,18.133333333333336,15
96,0.136,19.212698412698415,16
96,0.136,21.76,17
96,0.136,18.490354090354092,18
96,0.136,18.713600000000007,19
96,0.136,22.67849275362319,20
96,0.136,22.069389547650417,21
96,0.136,24.864646464646466,22
96,0.136,26.31378446115288,23
97,0.165,27.531428571428574,0
97,0.165,27.273383458646617,1
97,0.165,28.28571428571429,2
97,0.165,28.28571428571429,3
97,0.165,27.380571428571432,4
97,0.165,27.380571428571432,5
97,0.165,30.76691729323308,6
97,0.165,28.02766917293233,7
97,0.165,27.33857142857143,8
97,0.165,25.145362318840583,9
97,0.165,24.25761904761905,10
97,0.165,25.116263736263736,11
97,0.165,22.71641025641026,12
97,0.165,25.56593406593407,13
97,0.165,24.53538461538462,14
97,0.165,23.634285714285713,15
97,0.165,24.565300207039343,16
97,0.165,25.570285714285717,17
97,0.165,26.059523809523814,18
97,0.165,22.741714285714288,19
97,0.165,25.92857142857143,20
97,0.165,27.531428571428574,21
97,0.165,25.116263736263736,22
97,0.165,27.875776397515526,23
98,0.149,14.115789473684211,0
98,0.149,14.115789473684211,1
98,0.149,14.115789473684211,2
98,0.149,14.115789473684211,3
98,0.149,14.115789473684211,4
98,0.149,14.115789473684211,5
98,0.149,14.115789473684211,6
98,0.149,14.115789473684211,7
98,0.149,14.115789473684211,8
98,0.149,14.115789473684211,9
98,0.149,14.115789473684211,10
98,0.149,14.115789473684211,11
98,0.149,14.115789473684211,12
98,0.149,14.115789473684211,13
98,0.149,14.115789473684211,14
98,0.149,14.115789473684211,15
98,0.149,14.115789473684211,16
98,0.149,14.115789473684211,17
98,0.149,14.115789473684211,18
98,0.149,14.115789473684211,19
98,0.149,14.115789473684211,20
98,0.149,14.115789473684211,21
98,0.149,14.115789473684211,22
98,0.149,14.115789473684211,23
99,0.175,14.0,0
99,0.175,14.0,1
99,0.175,14.0,2
99,0.175,14.0,3
99,0.175,14.0,4
99,0.175,14.0,5
99,0.175,14.0,6
99,0.175,14.0,7
99,0.175,14.0,8
99,0.175,14.0,9
99,0.175,14.0,10
99,0.175,14.0,11
99,0.175,14.0,12
99,0.175,14.0,13
99,0.175,14.0,14
99,0.175,14.0,15
99,0.175,14.0,16
99,0.175,14.0,17
99,0.175,14.0,18
99,0.175,14.0,19
99,0.175,14.0,20
99,0.175,14.0,21
99,0.175,14.0,22
99,0.175,14.0,23
100,0.108,6.52662680756396,0
100,0.108,6.559288097886541,1
100,0.108,6.454546718576196,2
100,0.108,6.70344827586207,3
100,0.108,6.616952169076751,4
100,0.108,6.70344827586207,5
100,0.108,6.468271714334196,6
100,0.108,6.526626807563961,7
100,0.108,6.556254218434795,8
100,0.108,6.415502836345902,9
100,0.108,6.3784304704941475,10
100,0.108,6.344654123889932,11
100,0.108,6.326457969172097,12
100,0.108,6.348768472906404,13
100,0.108,6.188536866359446,14
100,0.108,6.172983870967742,15
100,0.108,6.059917582417583,16
100,0.108,6.279076751946609,17
100,0.108,6.028587993626669,18
100,0.108,6.260384444254299,19
100,0.108,6.198333190724738,20
100,0.108,6.045825625986917,21
100,0.108,6.432261711555646,22
100,0.108,6.449335419769613,23
